{"cameraMode":{"drawMode":0,"name":"Shaded","section":"Shading Mode"},"sceneLighting":true,"audioPlay":false,"sceneViewState":{"showFog":true,"showMaterialUpdate":false,"showSkybox":true,"showFlares":true,"showImageEffects":true,"showParticleSystems":true},"in2DMode":false,"pivot":{"x":19.19216537475586,"y":-20.72637367248535,"z":92.00657653808594},"rotation":{"x":0.06744120270013809,"y":0.014965363778173924,"z":-0.0010117118945345283,"w":0.9976109862327576},"size":118.95379638671875,"orthographic":false}