{"cameraMode":{"drawMode":0,"name":"Shaded","section":"Shading Mode"},"sceneLighting":true,"audioPlay":false,"sceneViewState":{"showFog":false,"showMaterialUpdate":false,"showSkybox":false,"showFlares":false,"showImageEffects":false,"showParticleSystems":false},"in2DMode":false,"pivot":{"x":298.98175048828127,"y":287.06005859375,"z":459.59234619140627},"rotation":{"x":0.0016441748011857272,"y":0.9983166456222534,"z":-0.04526437446475029,"w":0.036256030201911929},"size":83.38043212890625,"orthographic":false}