{"cameraMode":{"drawMode":0,"name":"Shaded","section":"Shading Mode"},"sceneLighting":true,"audioPlay":false,"sceneViewState":{"showFog":false,"showMaterialUpdate":false,"showSkybox":false,"showFlares":false,"showImageEffects":false,"showParticleSystems":false},"in2DMode":false,"pivot":{"x":-3.97287654876709,"y":2.8586807250976564,"z":8.4000244140625},"rotation":{"x":-0.08866198360919953,"y":-0.026295648887753488,"z":0.002341311424970627,"w":-0.9957128763198853},"size":131.97512817382813,"orthographic":false}