{"cameraMode":{"drawMode":0,"name":"Shaded","section":"Shading Mode"},"sceneLighting":true,"audioPlay":false,"sceneViewState":{"showFog":false,"showMaterialUpdate":false,"showSkybox":false,"showFlares":false,"showImageEffects":false,"showParticleSystems":false},"in2DMode":false,"pivot":{"x":121.39048767089844,"y":10.506927490234375,"z":164.05633544921876},"rotation":{"x":-0.07222142070531845,"y":-0.026330702006816865,"z":0.0019071336137130857,"w":-0.9970402717590332},"size":22.0,"orthographic":false}